Start time;zcr_mean;energy_mean;energy_entropy_mean;spectral_centroid_mean;spectral_spread_mean;spectral_entropy_mean;spectral_flux_mean;spectral_rolloff_mean;mfcc_1_mean;mfcc_2_mean;mfcc_3_mean;mfcc_4_mean;mfcc_5_mean;mfcc_6_mean;mfcc_7_mean;mfcc_8_mean;mfcc_9_mean;mfcc_10_mean;mfcc_11_mean;mfcc_12_mean;mfcc_13_mean;chroma_1_mean;chroma_2_mean;chroma_3_mean;chroma_4_mean;chroma_5_mean;chroma_6_mean;chroma_7_mean;chroma_8_mean;chroma_9_mean;chroma_10_mean;chroma_11_mean;chroma_12_mean;chroma_std_mean;zcr_std;energy_std;energy_entropy_std;spectral_centroid_std;spectral_spread_std;spectral_entropy_std;spectral_flux_std;spectral_rolloff_std;mfcc_1_std;mfcc_2_std;mfcc_3_std;mfcc_4_std;mfcc_5_std;mfcc_6_std;mfcc_7_std;mfcc_8_std;mfcc_9_std;mfcc_10_std;mfcc_11_std;mfcc_12_std;mfcc_13_std;chroma_1_std;chroma_2_std;chroma_3_std;chroma_4_std;chroma_5_std;chroma_6_std;chroma_7_std;chroma_8_std;chroma_9_std;chroma_10_std;chroma_11_std;chroma_12_std;chroma_std_std;Agent
0;0.14056786669611523;0.01076786302155971;2.951250479406221;0.2369134295779825;0.2095508897571187;1.1446206994101722;0.007387114519148776;0.2181372549019608;-28.565584119720516;2.3098096762768527;-0.1063519897704342;-0.07948376644588069;-0.27037348407547257;-0.17197663447849798;-0.09218502206233377;0.1476338636870556;-0.059925303101509425;0.05052666281409273;-0.22866862345247874;-0.12115407019942862;-0.45172740036239095;0.027025921520587897;0.03299779899521938;0.013438340258674956;0.040763297793802986;0.009747662050659293;0.006343371466807213;0.00954946611192068;0.004818531104391142;0.012583904507128232;0.010454980199600424;0.024211487823740798;0.026025178791868404;0.027520200418476144;0.05131054539445105;0.019518270347659662;0.4545106446157683;0.05340880106570138;0.03645152854083248;0.42211168320016174;0.005991228462587854;0.15721756744725784;4.043669673601371;0.6005061956172735;0.9697217905300116;0.6464760368679714;0.415118471194793;0.3805378654489182;0.28495479393500617;0.21994361192877612;0.23013013311151065;0.2228890020461718;0.3262600827886125;0.2772393237018461;0.33870914136750524;0.03039496612531162;0.04065086100955462;0.014829151772073456;0.0492825755518133;0.014355521860913588;0.007342605034424932;0.009896138807306502;0.010012431602873056;0.02688795987850492;0.018033429820022363;0.05061730979924767;0.0363612975903227;0.014229259450489926;" Feminino
"
