Start time;zcr_mean;energy_mean;energy_entropy_mean;spectral_centroid_mean;spectral_spread_mean;spectral_entropy_mean;spectral_flux_mean;spectral_rolloff_mean;mfcc_1_mean;mfcc_2_mean;mfcc_3_mean;mfcc_4_mean;mfcc_5_mean;mfcc_6_mean;mfcc_7_mean;mfcc_8_mean;mfcc_9_mean;mfcc_10_mean;mfcc_11_mean;mfcc_12_mean;mfcc_13_mean;chroma_1_mean;chroma_2_mean;chroma_3_mean;chroma_4_mean;chroma_5_mean;chroma_6_mean;chroma_7_mean;chroma_8_mean;chroma_9_mean;chroma_10_mean;chroma_11_mean;chroma_12_mean;chroma_std_mean;zcr_std;energy_std;energy_entropy_std;spectral_centroid_std;spectral_spread_std;spectral_entropy_std;spectral_flux_std;spectral_rolloff_std;mfcc_1_std;mfcc_2_std;mfcc_3_std;mfcc_4_std;mfcc_5_std;mfcc_6_std;mfcc_7_std;mfcc_8_std;mfcc_9_std;mfcc_10_std;mfcc_11_std;mfcc_12_std;mfcc_13_std;chroma_1_std;chroma_2_std;chroma_3_std;chroma_4_std;chroma_5_std;chroma_6_std;chroma_7_std;chroma_8_std;chroma_9_std;chroma_10_std;chroma_11_std;chroma_12_std;chroma_std_std;Agent
0;0.13060969068478456;0.005856746513618573;3.038565337660343;0.2346723350990185;0.20485475317282287;1.2652142485524316;0.004852999391119798;0.24107142857142858;-30.120815550021007;2.207740656848164;-0.2828192065621517;0.23540529494737866;-0.15869779433344733;0.16167902848722412;-0.05231997166432561;0.12436144416373796;-0.16491198596227033;0.13010915896663963;-0.15213192183868998;0.04142010158216277;-0.26071654306141223;0.020711316841560468;0.016405445154582945;0.021756652299458498;0.08174203913062783;0.012468247787126574;0.01629018220027395;0.011009699745170552;0.0028816941669964394;0.009042525241942335;0.015453095513469461;0.017855459287441394;0.022903820494257616;0.029705417217616364;0.0456933852589417;0.015856995327432045;0.299793371218315;0.038972367504162546;0.02446500839205331;0.4554557075413652;0.003778055042449102;0.13930139563741137;4.5267339356924445;0.710589108041691;0.8506817058357082;0.47906093955884155;0.40252413038623136;0.358718386980604;0.246861749621141;0.15893107081770289;0.16661942225256648;0.2627617725102292;0.15668186208964668;0.16965762839798812;0.3082544772906969;0.020845670761101172;0.017936108186699745;0.02072456664330689;0.0726137790752091;0.012978916857517675;0.01672042030547625;0.009104349106446485;0.005083915799169265;0.009093131970640515;0.02796179520110974;0.020678597918554704;0.03459332550791158;0.014249767111461609;" Feminino
"
