Start time;zcr_mean;energy_mean;energy_entropy_mean;spectral_centroid_mean;spectral_spread_mean;spectral_entropy_mean;spectral_flux_mean;spectral_rolloff_mean;mfcc_1_mean;mfcc_2_mean;mfcc_3_mean;mfcc_4_mean;mfcc_5_mean;mfcc_6_mean;mfcc_7_mean;mfcc_8_mean;mfcc_9_mean;mfcc_10_mean;mfcc_11_mean;mfcc_12_mean;mfcc_13_mean;chroma_1_mean;chroma_2_mean;chroma_3_mean;chroma_4_mean;chroma_5_mean;chroma_6_mean;chroma_7_mean;chroma_8_mean;chroma_9_mean;chroma_10_mean;chroma_11_mean;chroma_12_mean;chroma_std_mean;zcr_std;energy_std;energy_entropy_std;spectral_centroid_std;spectral_spread_std;spectral_entropy_std;spectral_flux_std;spectral_rolloff_std;mfcc_1_std;mfcc_2_std;mfcc_3_std;mfcc_4_std;mfcc_5_std;mfcc_6_std;mfcc_7_std;mfcc_8_std;mfcc_9_std;mfcc_10_std;mfcc_11_std;mfcc_12_std;mfcc_13_std;chroma_1_std;chroma_2_std;chroma_3_std;chroma_4_std;chroma_5_std;chroma_6_std;chroma_7_std;chroma_8_std;chroma_9_std;chroma_10_std;chroma_11_std;chroma_12_std;chroma_std_std;Agent
0;0.08068759418661083;0.019977226372608955;3.016439312793047;0.1844852328994193;0.20477690591521566;0.6323391093731674;0.006454006938119321;0.08591836734693878;-25.758668439287582;2.555980637275795;0.13884828411448877;0.3032731918222339;-0.03156751494389941;0.08318877405862993;0.05237565566674233;0.31642942056471807;0.11002528569880905;0.1334584653654191;0.01603525910970409;0.17577623877637394;0.053861670350396136;0.01223306140528545;0.0032513139876608472;0.07432484499644851;0.025142744763617962;0.20374076453544843;0.019751374267065906;0.03299278368011629;0.007404965759428039;0.004132662295038413;0.008961230793125158;0.04338104913685319;0.01996582441181642;0.06809670885850122;0.02579001576936251;0.02867490658473554;0.23305461738434982;0.04909267501389126;0.046831355892269416;0.3474425905282391;0.004090214975822451;0.04967417788302945;2.7684541055507497;1.1965110560144097;0.5414141830250505;0.2367957688015907;0.260835223736626;0.3091861279113043;0.26933051739170666;0.21777572289343092;0.22931387161702194;0.2752000175255377;0.13921436741207802;0.1958858014884348;0.2335809407035166;0.01671857151777417;0.004845595976283765;0.06850170712730691;0.032776357436431605;0.2109700594512101;0.029181263632859784;0.027949594490313933;0.011838011171271163;0.005747728162990293;0.012133755536347457;0.04479842386687216;0.03992981476625883;0.051383143605817264;" Masculino
"
