Start time;zcr_mean;energy_mean;energy_entropy_mean;spectral_centroid_mean;spectral_spread_mean;spectral_entropy_mean;spectral_flux_mean;spectral_rolloff_mean;mfcc_1_mean;mfcc_2_mean;mfcc_3_mean;mfcc_4_mean;mfcc_5_mean;mfcc_6_mean;mfcc_7_mean;mfcc_8_mean;mfcc_9_mean;mfcc_10_mean;mfcc_11_mean;mfcc_12_mean;mfcc_13_mean;chroma_1_mean;chroma_2_mean;chroma_3_mean;chroma_4_mean;chroma_5_mean;chroma_6_mean;chroma_7_mean;chroma_8_mean;chroma_9_mean;chroma_10_mean;chroma_11_mean;chroma_12_mean;chroma_std_mean;zcr_std;energy_std;energy_entropy_std;spectral_centroid_std;spectral_spread_std;spectral_entropy_std;spectral_flux_std;spectral_rolloff_std;mfcc_1_std;mfcc_2_std;mfcc_3_std;mfcc_4_std;mfcc_5_std;mfcc_6_std;mfcc_7_std;mfcc_8_std;mfcc_9_std;mfcc_10_std;mfcc_11_std;mfcc_12_std;mfcc_13_std;chroma_1_std;chroma_2_std;chroma_3_std;chroma_4_std;chroma_5_std;chroma_6_std;chroma_7_std;chroma_8_std;chroma_9_std;chroma_10_std;chroma_11_std;chroma_12_std;chroma_std_std;Agent
0;0.08934637684861178;0.011197548086756022;2.778218859048989;0.19138011147462444;0.20721264682587237;0.7616183623018999;0.007240278021873112;0.11025510204081633;-26.395007684011762;2.556802314244858;0.07983257012809464;0.1696260467286105;-0.1443755427445076;0.23271978293445497;0.09146362109472943;0.27149548522941164;0.045184127335969014;-0.02787161749566422;-0.01782764092949401;0.20278652442275558;0.02745434963827728;0.01155043369249303;0.00653390318389597;0.06296476681012642;0.01057692213779812;0.2011013669817957;0.03454616269373503;0.04677518662400884;0.01141626901923351;0.00681861924089494;0.005710298176504206;0.02582810648286201;0.007603150266822904;0.06404000700252653;0.04123602943952727;0.01951100726751605;0.3980281909587161;0.039713839370762026;0.04429748581887371;0.38617816456105614;0.0049503781863929775;0.10150556044128711;2.560070311116963;0.8721442772017879;0.7939319523363698;0.30415827392906447;0.5050658518415455;0.34087220251622025;0.2708467236662641;0.3119813873917271;0.21478481885287917;0.2832388290603369;0.18963350650931926;0.2263885251849226;0.1873051640316769;0.0181492815916492;0.009099434559284419;0.06241803561552778;0.010638535607699824;0.19399451628612227;0.04957352468391582;0.03702591856635605;0.025121170441992063;0.008157279402967644;0.005010136950531849;0.029724041276024363;0.015580609067887954;0.04858581968397157;" Masculino
"
