Start time;zcr_mean;energy_mean;energy_entropy_mean;spectral_centroid_mean;spectral_spread_mean;spectral_entropy_mean;spectral_flux_mean;spectral_rolloff_mean;mfcc_1_mean;mfcc_2_mean;mfcc_3_mean;mfcc_4_mean;mfcc_5_mean;mfcc_6_mean;mfcc_7_mean;mfcc_8_mean;mfcc_9_mean;mfcc_10_mean;mfcc_11_mean;mfcc_12_mean;mfcc_13_mean;chroma_1_mean;chroma_2_mean;chroma_3_mean;chroma_4_mean;chroma_5_mean;chroma_6_mean;chroma_7_mean;chroma_8_mean;chroma_9_mean;chroma_10_mean;chroma_11_mean;chroma_12_mean;chroma_std_mean;zcr_std;energy_std;energy_entropy_std;spectral_centroid_std;spectral_spread_std;spectral_entropy_std;spectral_flux_std;spectral_rolloff_std;mfcc_1_std;mfcc_2_std;mfcc_3_std;mfcc_4_std;mfcc_5_std;mfcc_6_std;mfcc_7_std;mfcc_8_std;mfcc_9_std;mfcc_10_std;mfcc_11_std;mfcc_12_std;mfcc_13_std;chroma_1_std;chroma_2_std;chroma_3_std;chroma_4_std;chroma_5_std;chroma_6_std;chroma_7_std;chroma_8_std;chroma_9_std;chroma_10_std;chroma_11_std;chroma_12_std;chroma_std_std;Agent
0;0.2411838327320916;0.011381156245503834;3.0593697644723044;0.33024429772377567;0.25422281843051325;2.109025444436818;0.0024021297228689906;0.4373039215686274;-30.41833612624884;1.266975975369777;-0.7030647857133745;-0.42832279385632294;-0.1242166060113537;-0.027666605121454656;0.06967747073570076;-0.17391422764144007;-0.27901858454554196;-0.12550331725862174;0.024002103016752964;-0.07347532565906655;0.027708885504427894;0.010668871345832089;0.008158493273832399;0.010169251448157397;0.014916344166640576;0.01176829243455992;0.019829723852424666;0.013817194887620171;0.0064329561109643;0.007399511326388919;0.004239572359383126;0.012274023572492326;0.006204372414296697;0.008899468031757738;0.051757424702258255;0.0268186713071766;0.3958150637799412;0.04086149884692228;0.015852042397596376;0.4004925116405622;0.0016954391769269084;0.13798430140998538;4.947689445463016;0.4686872950136622;0.37951452907359867;0.24392369732593178;0.3160241761221164;0.20819068871626442;0.30238562181004364;0.34603879141214944;0.1821195614132189;0.14064457807374153;0.23822784065799218;0.1561960256603241;0.1463110448205867;0.0065955118268804895;0.006857511556993823;0.008438859964360744;0.009694740291918583;0.009836636739892417;0.017985308850305054;0.008145519565284063;0.0042796848211951385;0.005701120923376422;0.0024540093616185446;0.012788841584753671;0.0064168026385181525;0.0038462975715657147;" Masculino
"
