Start time;zcr_mean;energy_mean;energy_entropy_mean;spectral_centroid_mean;spectral_spread_mean;spectral_entropy_mean;spectral_flux_mean;spectral_rolloff_mean;mfcc_1_mean;mfcc_2_mean;mfcc_3_mean;mfcc_4_mean;mfcc_5_mean;mfcc_6_mean;mfcc_7_mean;mfcc_8_mean;mfcc_9_mean;mfcc_10_mean;mfcc_11_mean;mfcc_12_mean;mfcc_13_mean;chroma_1_mean;chroma_2_mean;chroma_3_mean;chroma_4_mean;chroma_5_mean;chroma_6_mean;chroma_7_mean;chroma_8_mean;chroma_9_mean;chroma_10_mean;chroma_11_mean;chroma_12_mean;chroma_std_mean;zcr_std;energy_std;energy_entropy_std;spectral_centroid_std;spectral_spread_std;spectral_entropy_std;spectral_flux_std;spectral_rolloff_std;mfcc_1_std;mfcc_2_std;mfcc_3_std;mfcc_4_std;mfcc_5_std;mfcc_6_std;mfcc_7_std;mfcc_8_std;mfcc_9_std;mfcc_10_std;mfcc_11_std;mfcc_12_std;mfcc_13_std;chroma_1_std;chroma_2_std;chroma_3_std;chroma_4_std;chroma_5_std;chroma_6_std;chroma_7_std;chroma_8_std;chroma_9_std;chroma_10_std;chroma_11_std;chroma_12_std;chroma_std_std;Agent
0;0.07102014773368671;0.07189914455780518;3.1570155501588872;0.14697509835042086;0.185191408664816;0.6696527465005243;0.005217387105880214;0.11049019607843137;-22.292284950014203;3.4512931988080817;-0.0020119073551346646;0.43342239619348194;0.005926820630415188;0.06147816324444648;0.08493773733203684;0.12592473034279292;-0.036639592966136655;0.13466606238465217;0.09981614131352985;-0.060684128707459775;-0.11418850774296736;0.011784517379846048;0.0068042980346146;0.12220712393504245;0.07599115952073165;0.07119566250936925;0.02408455116363572;0.04090957804684054;0.001732950366166309;0.015135062076736656;0.015982602261493215;0.029022973592432846;0.01083456558708658;0.04354794772872935;0.022574253424965652;0.03561449711239765;0.06934844480898769;0.022338091527458893;0.018017079328983582;0.33548782496824603;0.0018291418366517204;0.0444741046263384;0.9436676216406952;0.33314842366635883;0.5101191670794128;0.3187707428625692;0.23829363362383943;0.19621832343552364;0.18163859096027948;0.17817536318800506;0.16117366003787864;0.14743206097452938;0.19867497201276413;0.21554669659842407;0.18755927013918283;0.015992684575304724;0.006634416541780632;0.08452895270842252;0.039654815894746134;0.04328009476166766;0.022575058256538716;0.024635347605848387;0.0021130558981983494;0.017840151737789387;0.0213178423587049;0.01669808683912635;0.015208727875790333;0.01872161950082212;" Masculino
"
