Start time;zcr_mean;energy_mean;energy_entropy_mean;spectral_centroid_mean;spectral_spread_mean;spectral_entropy_mean;spectral_flux_mean;spectral_rolloff_mean;mfcc_1_mean;mfcc_2_mean;mfcc_3_mean;mfcc_4_mean;mfcc_5_mean;mfcc_6_mean;mfcc_7_mean;mfcc_8_mean;mfcc_9_mean;mfcc_10_mean;mfcc_11_mean;mfcc_12_mean;mfcc_13_mean;chroma_1_mean;chroma_2_mean;chroma_3_mean;chroma_4_mean;chroma_5_mean;chroma_6_mean;chroma_7_mean;chroma_8_mean;chroma_9_mean;chroma_10_mean;chroma_11_mean;chroma_12_mean;chroma_std_mean;zcr_std;energy_std;energy_entropy_std;spectral_centroid_std;spectral_spread_std;spectral_entropy_std;spectral_flux_std;spectral_rolloff_std;mfcc_1_std;mfcc_2_std;mfcc_3_std;mfcc_4_std;mfcc_5_std;mfcc_6_std;mfcc_7_std;mfcc_8_std;mfcc_9_std;mfcc_10_std;mfcc_11_std;mfcc_12_std;mfcc_13_std;chroma_1_std;chroma_2_std;chroma_3_std;chroma_4_std;chroma_5_std;chroma_6_std;chroma_7_std;chroma_8_std;chroma_9_std;chroma_10_std;chroma_11_std;chroma_12_std;chroma_std_std;Agent
0;0.06086412363280188;0.04841687925449419;3.1344612122723468;0.14001509399029122;0.18714825956175188;0.4688959036086829;0.0054478398485240396;0.08451086956521739;-23.084653253374555;3.382274592268067;0.24456411065283576;0.5908412541401112;-0.04234807613418788;0.053882903345131294;-0.008516126416839008;0.18617505268619874;0.09923593095303834;0.18158236090558194;0.15446722901827756;-0.06328144773265666;-0.11394790342434734;0.012276537044166511;0.004035746628776545;0.11171729365967342;0.09241170037465284;0.07708790823048663;0.028843005500622233;0.0549666160667686;0.0022143640105245594;0.01404268803609165;0.01688987210492813;0.030821909609706787;0.008201456489003976;0.044981946700731495;0.015060341107928098;0.025051541260261757;0.08863100033568538;0.015004605837356466;0.015126612233349698;0.24740273488387055;0.0022979559205179483;0.028166911116637407;0.821990074486888;0.21417305206836182;0.38530206812665485;0.33450317998128337;0.17525531019199408;0.21768916955661005;0.19068466330943956;0.15146965679621033;0.1315312641100962;0.15612487361324504;0.12377039589050057;0.14301306292049504;0.152946340677329;0.01270474831132554;0.002709120380461929;0.06620174223627537;0.03311818856425274;0.06867698282304628;0.028335538380692814;0.03141781578883362;0.004798424846333261;0.01371263436220569;0.016429711031190987;0.018236548506890216;0.011424411650581308;0.017171138722199268;" Masculino
"
