Start time;zcr_mean;energy_mean;energy_entropy_mean;spectral_centroid_mean;spectral_spread_mean;spectral_entropy_mean;spectral_flux_mean;spectral_rolloff_mean;mfcc_1_mean;mfcc_2_mean;mfcc_3_mean;mfcc_4_mean;mfcc_5_mean;mfcc_6_mean;mfcc_7_mean;mfcc_8_mean;mfcc_9_mean;mfcc_10_mean;mfcc_11_mean;mfcc_12_mean;mfcc_13_mean;chroma_1_mean;chroma_2_mean;chroma_3_mean;chroma_4_mean;chroma_5_mean;chroma_6_mean;chroma_7_mean;chroma_8_mean;chroma_9_mean;chroma_10_mean;chroma_11_mean;chroma_12_mean;chroma_std_mean;zcr_std;energy_std;energy_entropy_std;spectral_centroid_std;spectral_spread_std;spectral_entropy_std;spectral_flux_std;spectral_rolloff_std;mfcc_1_std;mfcc_2_std;mfcc_3_std;mfcc_4_std;mfcc_5_std;mfcc_6_std;mfcc_7_std;mfcc_8_std;mfcc_9_std;mfcc_10_std;mfcc_11_std;mfcc_12_std;mfcc_13_std;chroma_1_std;chroma_2_std;chroma_3_std;chroma_4_std;chroma_5_std;chroma_6_std;chroma_7_std;chroma_8_std;chroma_9_std;chroma_10_std;chroma_11_std;chroma_12_std;chroma_std_std;Agent
0;0.12329436185475745;0.008937806085388278;2.9492079890536753;0.21066453886110312;0.18848312097233622;1.0656806092966755;0.004894766253654245;0.1874390243902439;-29.537808267402735;2.4906454205271236;-0.4994889093685356;0.3902959595309221;0.14386311255080222;0.03989128288514885;0.008540586975914331;0.16689567783690498;-0.07340894989286116;0.014430613067046433;-0.06077734854923955;-0.022580675835735163;-0.19170978288599802;0.02172120164752541;0.018689669691015764;0.0238917074364221;0.0903801676524535;0.018647286903646174;0.025187696271734367;0.019484887489431727;0.009089058966081;0.014716684957509971;0.0078034072079980555;0.011331424539221938;0.00996461546543098;0.027882347226781203;0.05934704006823229;0.017838811775155717;0.38115322035093485;0.05042761196921139;0.020940939434308553;0.5226795485830311;0.002529618902785826;0.11628587540436879;4.356769775155501;0.965665028765027;1.0090991483536058;0.41364721418264516;0.338350946903558;0.28209412432843284;0.2115533367244342;0.1301617906388058;0.137135891219388;0.11212340757459692;0.23054774524139734;0.240162827708847;0.19015899272319264;0.019302236811050068;0.017841523810903953;0.02001767387288601;0.08062519148516487;0.019624149380950563;0.022127844264474207;0.02759836651704105;0.01649845608470446;0.015508228437281854;0.006533739443951433;0.01041957089866347;0.008627972277749122;0.019372619558124714;" Feminino
"
