Start time;zcr_mean;energy_mean;energy_entropy_mean;spectral_centroid_mean;spectral_spread_mean;spectral_entropy_mean;spectral_flux_mean;spectral_rolloff_mean;mfcc_1_mean;mfcc_2_mean;mfcc_3_mean;mfcc_4_mean;mfcc_5_mean;mfcc_6_mean;mfcc_7_mean;mfcc_8_mean;mfcc_9_mean;mfcc_10_mean;mfcc_11_mean;mfcc_12_mean;mfcc_13_mean;chroma_1_mean;chroma_2_mean;chroma_3_mean;chroma_4_mean;chroma_5_mean;chroma_6_mean;chroma_7_mean;chroma_8_mean;chroma_9_mean;chroma_10_mean;chroma_11_mean;chroma_12_mean;chroma_std_mean;zcr_std;energy_std;energy_entropy_std;spectral_centroid_std;spectral_spread_std;spectral_entropy_std;spectral_flux_std;spectral_rolloff_std;mfcc_1_std;mfcc_2_std;mfcc_3_std;mfcc_4_std;mfcc_5_std;mfcc_6_std;mfcc_7_std;mfcc_8_std;mfcc_9_std;mfcc_10_std;mfcc_11_std;mfcc_12_std;mfcc_13_std;chroma_1_std;chroma_2_std;chroma_3_std;chroma_4_std;chroma_5_std;chroma_6_std;chroma_7_std;chroma_8_std;chroma_9_std;chroma_10_std;chroma_11_std;chroma_12_std;chroma_std_std;Agent
0;0.14746374144150778;0.009681042387169148;2.989051486289589;0.2402726633955631;0.20965152002740775;1.1712921002529417;0.005277300536085559;0.2552450980392157;-28.098269453740244;2.394494686415941;-0.07989031495271344;0.027803887543086343;-0.08744689498210115;0.06229474717159418;-0.04231415553227083;0.19591765740926567;-0.09521250185611026;0.1569991045151232;-0.11000260568934554;-0.09787216656445194;-0.2755443452890491;0.027567660757907616;0.01840066093778273;0.022051078874076393;0.059627136600278484;0.01374237370478238;0.01664733024948536;0.027884055779865875;0.004654081152523236;0.012465776357405553;0.006726586642367601;0.011488375156580308;0.01598180181407692;0.026003272183005438;0.07329590104897844;0.018940098655344868;0.3197214366371857;0.06716794105988452;0.040669863391272834;0.44126460089964287;0.003462565575536324;0.18581052895906952;3.9018961787162856;0.8346538848552345;0.9849707602432075;0.6331207349786724;0.3917760455584377;0.3353907856988064;0.3065808440162961;0.3232243000902392;0.16678191368335044;0.17685598519062212;0.24456781175054787;0.2164988116883712;0.3706927157935726;0.025870629452019622;0.022170247089670397;0.024370210076128756;0.065087810645059;0.017464998172306092;0.01669176379002921;0.03022943113893677;0.007544692015332879;0.013881382604091795;0.007377090291382789;0.020132959474284;0.01892413197482762;0.012256347666652932;" Feminino
"
