Start time;zcr_mean;energy_mean;energy_entropy_mean;spectral_centroid_mean;spectral_spread_mean;spectral_entropy_mean;spectral_flux_mean;spectral_rolloff_mean;mfcc_1_mean;mfcc_2_mean;mfcc_3_mean;mfcc_4_mean;mfcc_5_mean;mfcc_6_mean;mfcc_7_mean;mfcc_8_mean;mfcc_9_mean;mfcc_10_mean;mfcc_11_mean;mfcc_12_mean;mfcc_13_mean;chroma_1_mean;chroma_2_mean;chroma_3_mean;chroma_4_mean;chroma_5_mean;chroma_6_mean;chroma_7_mean;chroma_8_mean;chroma_9_mean;chroma_10_mean;chroma_11_mean;chroma_12_mean;chroma_std_mean;zcr_std;energy_std;energy_entropy_std;spectral_centroid_std;spectral_spread_std;spectral_entropy_std;spectral_flux_std;spectral_rolloff_std;mfcc_1_std;mfcc_2_std;mfcc_3_std;mfcc_4_std;mfcc_5_std;mfcc_6_std;mfcc_7_std;mfcc_8_std;mfcc_9_std;mfcc_10_std;mfcc_11_std;mfcc_12_std;mfcc_13_std;chroma_1_std;chroma_2_std;chroma_3_std;chroma_4_std;chroma_5_std;chroma_6_std;chroma_7_std;chroma_8_std;chroma_9_std;chroma_10_std;chroma_11_std;chroma_12_std;chroma_std_std;Agent
0;0.061173405532425736;0.04155759136342103;3.1482095717382848;0.14344356058776678;0.18520766842443323;0.49030877004104856;0.006266153619565708;0.08683673469387755;-23.41848352899668;3.411791057772387;0.28213684386856236;0.6478088843098542;-0.023758200537246567;0.0828577631645807;-0.07903161923735624;0.07301902020078815;0.17034832026364777;0.22469149103440847;0.08825638638663479;-0.033849354294980344;-0.10644290156039206;0.012659193731336199;0.00787616772020306;0.0760509511426803;0.13080076441068444;0.05003190122710211;0.02537849561776449;0.06376322233030858;0.0022326876149486173;0.008802504186027231;0.012284327100775701;0.02687115939080136;0.009698000382890735;0.04543381318459503;0.01991880180422416;0.033508693903076266;0.07703936106525196;0.02180902484076259;0.018887597454257537;0.32552037344589546;0.002828839785171915;0.031982837833256575;1.083389624081046;0.32623450643863133;0.3963584898705507;0.36766269317619804;0.1834229474937003;0.16221383252680327;0.13389285133987439;0.16623289163443683;0.15140151651778802;0.1234882635434916;0.15254225662576842;0.18379488947056483;0.12449583641725007;0.012898465253032272;0.008601611031053665;0.05263837642707327;0.06289804221890397;0.03983298176522313;0.028110358117144546;0.03877553299064418;0.0037368938853054668;0.008195558878075217;0.00692414728901723;0.016068572342358457;0.012794691582393996;0.013528546286216797;" Masculino
"
