Start time;zcr_mean;energy_mean;energy_entropy_mean;spectral_centroid_mean;spectral_spread_mean;spectral_entropy_mean;spectral_flux_mean;spectral_rolloff_mean;mfcc_1_mean;mfcc_2_mean;mfcc_3_mean;mfcc_4_mean;mfcc_5_mean;mfcc_6_mean;mfcc_7_mean;mfcc_8_mean;mfcc_9_mean;mfcc_10_mean;mfcc_11_mean;mfcc_12_mean;mfcc_13_mean;chroma_1_mean;chroma_2_mean;chroma_3_mean;chroma_4_mean;chroma_5_mean;chroma_6_mean;chroma_7_mean;chroma_8_mean;chroma_9_mean;chroma_10_mean;chroma_11_mean;chroma_12_mean;chroma_std_mean;zcr_std;energy_std;energy_entropy_std;spectral_centroid_std;spectral_spread_std;spectral_entropy_std;spectral_flux_std;spectral_rolloff_std;mfcc_1_std;mfcc_2_std;mfcc_3_std;mfcc_4_std;mfcc_5_std;mfcc_6_std;mfcc_7_std;mfcc_8_std;mfcc_9_std;mfcc_10_std;mfcc_11_std;mfcc_12_std;mfcc_13_std;chroma_1_std;chroma_2_std;chroma_3_std;chroma_4_std;chroma_5_std;chroma_6_std;chroma_7_std;chroma_8_std;chroma_9_std;chroma_10_std;chroma_11_std;chroma_12_std;chroma_std_std;Agent
0;0.05545196802125106;0.039069387116687476;3.114356881549549;0.13612409417444876;0.1855984888523648;0.32249501624375754;0.0055844508248285565;0.07122448979591837;-23.830358428647084;3.4285228148346527;0.450014561148392;0.7736831059160104;0.005886931150945673;0.04780373884649001;-0.0972614715828014;0.0973167038167752;0.1312594741258666;0.23412077446302754;0.11488103174169251;0.003966545559042615;-0.14786807081837325;0.008849464227115703;0.004517230013320679;0.06314802626550167;0.1497585971558969;0.05251572360807524;0.025993411490447794;0.06203196024915174;0.0019187264901626277;0.01261796211327031;0.015715283766245;0.03042993327245869;0.010109523990395884;0.047645590130774254;0.008515610355419735;0.04086162856008003;0.1599335514651428;0.014394847180834464;0.020207193835481547;0.14091979523341494;0.00244917505876786;0.013814758901812293;0.7489289772308175;0.35350332473704116;0.2655817995660135;0.21453400019350957;0.12306774106718998;0.17539325779138085;0.13995042569943505;0.12099318369042629;0.1377935635211566;0.13027974450280802;0.09782006831302353;0.1492568701557669;0.1050812341786654;0.006683312347485571;0.0044787371457059464;0.04408161711767976;0.05645552840256334;0.0445245770577017;0.023708781494834665;0.04077620018358629;0.003909013652095827;0.011096576327005423;0.012166377857453578;0.016890274756327626;0.007808630849403894;0.011978287298524322;" Masculino
"
