Start time;zcr_mean;energy_mean;energy_entropy_mean;spectral_centroid_mean;spectral_spread_mean;spectral_entropy_mean;spectral_flux_mean;spectral_rolloff_mean;mfcc_1_mean;mfcc_2_mean;mfcc_3_mean;mfcc_4_mean;mfcc_5_mean;mfcc_6_mean;mfcc_7_mean;mfcc_8_mean;mfcc_9_mean;mfcc_10_mean;mfcc_11_mean;mfcc_12_mean;mfcc_13_mean;chroma_1_mean;chroma_2_mean;chroma_3_mean;chroma_4_mean;chroma_5_mean;chroma_6_mean;chroma_7_mean;chroma_8_mean;chroma_9_mean;chroma_10_mean;chroma_11_mean;chroma_12_mean;chroma_std_mean;zcr_std;energy_std;energy_entropy_std;spectral_centroid_std;spectral_spread_std;spectral_entropy_std;spectral_flux_std;spectral_rolloff_std;mfcc_1_std;mfcc_2_std;mfcc_3_std;mfcc_4_std;mfcc_5_std;mfcc_6_std;mfcc_7_std;mfcc_8_std;mfcc_9_std;mfcc_10_std;mfcc_11_std;mfcc_12_std;mfcc_13_std;chroma_1_std;chroma_2_std;chroma_3_std;chroma_4_std;chroma_5_std;chroma_6_std;chroma_7_std;chroma_8_std;chroma_9_std;chroma_10_std;chroma_11_std;chroma_12_std;chroma_std_std;Agent
0;0.057884856070087615;0.04859713636510343;3.0612005647869;0.13928123452534114;0.18744224706679563;0.37106118019410417;0.005832646709660252;0.07886363636363634;-23.490702197562825;3.5451718143552444;0.3019870964109946;0.6626572960318163;0.09096705193545701;-0.011021653933680431;-0.0645633116687501;0.017615041469770328;0.21582547372754768;0.1418159880163196;0.11699809638581952;-0.05575468296768848;-0.047225568585947245;0.011586496379965956;0.005388386947629915;0.054279164889918435;0.13350975296302672;0.06876969437022369;0.02661403991532801;0.06868862387844832;0.0013179842649874692;0.010611823700628067;0.019921015906106846;0.025982812732941694;0.006799346557490044;0.04693057268018383;0.009731686464305427;0.04555684078525112;0.19735465710757374;0.015768960025544003;0.01706132168137296;0.15635019499899458;0.0025731271738449637;0.01663831955715331;1.0476893619714367;0.3019758363561895;0.2250573590617617;0.32328502102771417;0.1819445257792935;0.11736506917004964;0.1587677038273833;0.1346598909752565;0.1352514638835598;0.16223157331191135;0.09523610411495552;0.1131990941336492;0.15655867173051008;0.013381583918360416;0.0065919663847339395;0.04831585884675076;0.05307255913573788;0.049356580680073855;0.024694988798919792;0.048658345055837715;0.0014474063798881648;0.01007583903484701;0.02445685218635668;0.01791658355814138;0.006391895739370933;0.011834761772052166;" Masculino
"
