Start time;zcr_mean;energy_mean;energy_entropy_mean;spectral_centroid_mean;spectral_spread_mean;spectral_entropy_mean;spectral_flux_mean;spectral_rolloff_mean;mfcc_1_mean;mfcc_2_mean;mfcc_3_mean;mfcc_4_mean;mfcc_5_mean;mfcc_6_mean;mfcc_7_mean;mfcc_8_mean;mfcc_9_mean;mfcc_10_mean;mfcc_11_mean;mfcc_12_mean;mfcc_13_mean;chroma_1_mean;chroma_2_mean;chroma_3_mean;chroma_4_mean;chroma_5_mean;chroma_6_mean;chroma_7_mean;chroma_8_mean;chroma_9_mean;chroma_10_mean;chroma_11_mean;chroma_12_mean;chroma_std_mean;zcr_std;energy_std;energy_entropy_std;spectral_centroid_std;spectral_spread_std;spectral_entropy_std;spectral_flux_std;spectral_rolloff_std;mfcc_1_std;mfcc_2_std;mfcc_3_std;mfcc_4_std;mfcc_5_std;mfcc_6_std;mfcc_7_std;mfcc_8_std;mfcc_9_std;mfcc_10_std;mfcc_11_std;mfcc_12_std;mfcc_13_std;chroma_1_std;chroma_2_std;chroma_3_std;chroma_4_std;chroma_5_std;chroma_6_std;chroma_7_std;chroma_8_std;chroma_9_std;chroma_10_std;chroma_11_std;chroma_12_std;chroma_std_std;Agent
0;0.09776425076800545;0.013056058697837424;2.7717497687825436;0.2213305064127402;0.21942783996478024;1.0038124277393572;0.006284510522710307;0.16903409090909088;-26.09419118564691;2.4295480269915135;0.2570957473050037;0.006933135810163433;-0.04540756526688121;-0.06213898176127964;-0.09767467528545444;0.1410860719575415;-0.059092056612730516;0.04068919456544047;-0.05863250966490818;0.08171962091268813;-0.0639144595748057;0.040982004286170555;0.020896026037029905;0.12188169228530507;0.011977617231978712;0.014000889202312431;0.015497851151179253;0.024628368181736207;0.0064663986115103544;0.007429557418923597;0.006197858164911518;0.027295223054932947;0.009059104984083865;0.045617487531114984;0.06147347517554944;0.015175371040771995;0.564147536171513;0.055653406111320254;0.04082305027069583;0.5707494006024525;0.004606196952283637;0.1387138731725749;3.397825481601238;0.7800209747277104;1.2443166051154473;0.3823819972716044;0.4719457147559555;0.37002620343603243;0.35062870195505413;0.21953529100672234;0.1827079356192338;0.21417153406846104;0.18023327960129573;0.15135115411456415;0.16019969904388903;0.07021145813140046;0.043496291918804476;0.12756957858774298;0.01220413248976104;0.01613694958407618;0.020870482883201487;0.024340706377793037;0.00986401661564827;0.009379403534786621;0.00737749771167851;0.046458574055754966;0.014228999846087909;0.032005429433477284;" Masculino
"
