Start time;zcr_mean;energy_mean;energy_entropy_mean;spectral_centroid_mean;spectral_spread_mean;spectral_entropy_mean;spectral_flux_mean;spectral_rolloff_mean;mfcc_1_mean;mfcc_2_mean;mfcc_3_mean;mfcc_4_mean;mfcc_5_mean;mfcc_6_mean;mfcc_7_mean;mfcc_8_mean;mfcc_9_mean;mfcc_10_mean;mfcc_11_mean;mfcc_12_mean;mfcc_13_mean;chroma_1_mean;chroma_2_mean;chroma_3_mean;chroma_4_mean;chroma_5_mean;chroma_6_mean;chroma_7_mean;chroma_8_mean;chroma_9_mean;chroma_10_mean;chroma_11_mean;chroma_12_mean;chroma_std_mean;zcr_std;energy_std;energy_entropy_std;spectral_centroid_std;spectral_spread_std;spectral_entropy_std;spectral_flux_std;spectral_rolloff_std;mfcc_1_std;mfcc_2_std;mfcc_3_std;mfcc_4_std;mfcc_5_std;mfcc_6_std;mfcc_7_std;mfcc_8_std;mfcc_9_std;mfcc_10_std;mfcc_11_std;mfcc_12_std;mfcc_13_std;chroma_1_std;chroma_2_std;chroma_3_std;chroma_4_std;chroma_5_std;chroma_6_std;chroma_7_std;chroma_8_std;chroma_9_std;chroma_10_std;chroma_11_std;chroma_12_std;chroma_std_std;Agent
0;0.10038410081567477;0.010242825262400938;3.0004362377369485;0.22164385429445094;0.22284699957477877;0.7903352380856493;0.005249719892248492;0.16120689655172413;-28.212648443696732;2.1043336266353774;0.27754193360504464;0.208256267078811;-0.225795807073953;0.144645419514617;0.04210913776644796;0.09914631073763372;-0.03805571115224705;0.12581853206989455;-0.06549192180868567;0.094267518476025;-0.105097150634702;0.024516477598407402;0.011524513195622098;0.18932490889491693;0.015401442936410674;0.018326568953873152;0.00802382668921829;0.07004297705332609;0.0014963295374804829;0.009808375199446842;0.003573705084943212;0.02260337834601788;0.00849818149068713;0.062362900366690746;0.08551500334750345;0.017806248902451218;0.30822350679013155;0.06940424401913871;0.029098614446175508;0.4900292565538747;0.004911541477173263;0.1710157543277801;3.7584405239935514;0.8008244569834804;0.8795969578429294;0.4697830927642075;0.22627641159171336;0.24836647396178005;0.34004195002453097;0.2003876121858691;0.1675850241037854;0.14258730843594086;0.15064157882275225;0.10747474325195788;0.13027500892046137;0.06425514308736967;0.032008133400891134;0.13809754365604915;0.021661066734055448;0.027423269014063542;0.012970752742357657;0.06859837872116897;0.001994668546420573;0.01763766330408291;0.003860818928719419;0.016719494845398596;0.01396887626433178;0.03319071979093283;" Masculino
"
