Start time;zcr_mean;energy_mean;energy_entropy_mean;spectral_centroid_mean;spectral_spread_mean;spectral_entropy_mean;spectral_flux_mean;spectral_rolloff_mean;mfcc_1_mean;mfcc_2_mean;mfcc_3_mean;mfcc_4_mean;mfcc_5_mean;mfcc_6_mean;mfcc_7_mean;mfcc_8_mean;mfcc_9_mean;mfcc_10_mean;mfcc_11_mean;mfcc_12_mean;mfcc_13_mean;chroma_1_mean;chroma_2_mean;chroma_3_mean;chroma_4_mean;chroma_5_mean;chroma_6_mean;chroma_7_mean;chroma_8_mean;chroma_9_mean;chroma_10_mean;chroma_11_mean;chroma_12_mean;chroma_std_mean;zcr_std;energy_std;energy_entropy_std;spectral_centroid_std;spectral_spread_std;spectral_entropy_std;spectral_flux_std;spectral_rolloff_std;mfcc_1_std;mfcc_2_std;mfcc_3_std;mfcc_4_std;mfcc_5_std;mfcc_6_std;mfcc_7_std;mfcc_8_std;mfcc_9_std;mfcc_10_std;mfcc_11_std;mfcc_12_std;mfcc_13_std;chroma_1_std;chroma_2_std;chroma_3_std;chroma_4_std;chroma_5_std;chroma_6_std;chroma_7_std;chroma_8_std;chroma_9_std;chroma_10_std;chroma_11_std;chroma_12_std;chroma_std_std;Agent
0;0.09328734088342135;0.014995469518309134;2.9313781958485694;0.2231086343907118;0.21807371723039304;0.8697093806148424;0.005162217437954449;0.1126829268292683;-25.93032315675875;2.0888378477166127;-0.04606422363812957;0.03905458364126453;-0.04695487905362726;0.31581994653273876;0.01897535084308799;0.20301117202708527;0.013652659206183616;0.06552246012548082;-0.13151103713590545;0.13411918362751357;0.10158715212233985;0.008332768203235384;0.006310303425540443;0.031153355465531045;0.017009411946029156;0.33244822438726224;0.019244576099865796;0.025585115266352296;0.0026825014803059815;0.008933214239906078;0.007216272807745503;0.025025425480669432;0.00750828705820992;0.09474533221707779;0.02387048277783029;0.02150342831975602;0.38372364507298373;0.05234567787868305;0.04220593825230673;0.33019505164346047;0.004439075403495206;0.0514111542535039;2.8577814036695686;1.1861843440889037;0.5521245099041543;0.508650306749833;0.3205562829994204;0.29188208543091093;0.1780969058070125;0.27391740190641856;0.23147815789672369;0.14799350364666924;0.15631437206317408;0.15992167218548603;0.17162324571159307;0.0078066598939104575;0.011118006421498197;0.027312067376698786;0.025196126981574737;0.29761483469287725;0.032403584959124536;0.01972899441228816;0.004105820612429264;0.013163102756013827;0.009735717984682;0.033512235719266543;0.015082288507369675;0.07804602573308585;" Masculino
"
