Start time;zcr_mean;energy_mean;energy_entropy_mean;spectral_centroid_mean;spectral_spread_mean;spectral_entropy_mean;spectral_flux_mean;spectral_rolloff_mean;mfcc_1_mean;mfcc_2_mean;mfcc_3_mean;mfcc_4_mean;mfcc_5_mean;mfcc_6_mean;mfcc_7_mean;mfcc_8_mean;mfcc_9_mean;mfcc_10_mean;mfcc_11_mean;mfcc_12_mean;mfcc_13_mean;chroma_1_mean;chroma_2_mean;chroma_3_mean;chroma_4_mean;chroma_5_mean;chroma_6_mean;chroma_7_mean;chroma_8_mean;chroma_9_mean;chroma_10_mean;chroma_11_mean;chroma_12_mean;chroma_std_mean;zcr_std;energy_std;energy_entropy_std;spectral_centroid_std;spectral_spread_std;spectral_entropy_std;spectral_flux_std;spectral_rolloff_std;mfcc_1_std;mfcc_2_std;mfcc_3_std;mfcc_4_std;mfcc_5_std;mfcc_6_std;mfcc_7_std;mfcc_8_std;mfcc_9_std;mfcc_10_std;mfcc_11_std;mfcc_12_std;mfcc_13_std;chroma_1_std;chroma_2_std;chroma_3_std;chroma_4_std;chroma_5_std;chroma_6_std;chroma_7_std;chroma_8_std;chroma_9_std;chroma_10_std;chroma_11_std;chroma_12_std;chroma_std_std;Agent
0;0.0886402120297431;0.017965782875545525;2.901745937232606;0.23906840136471819;0.2455224377947248;0.8481229866605511;0.004763095751987395;0.12622549019607843;-27.079972727779033;1.7928284410147375;-0.09115947637462311;0.3350120703410287;-0.06772975188485386;0.2993361033064349;0.21005402756573097;0.1352915869014858;-0.053472131733676175;0.07006194980119768;-0.07221042240115431;-0.00330075243045479;0.033297299536396686;0.005154563800999168;0.0021915381487768735;0.026910452357732186;0.05172073544505725;0.09625571367367673;0.013496358624235016;0.01284835275201756;0.0013495181271672779;0.0035692614358039175;0.004970473551955605;0.08604519071502006;0.0055187838712015685;0.0458568866302997;0.050883901671979384;0.033684364956054105;0.45729828530517574;0.045263942966481105;0.0299033295883577;0.4900840622077943;0.005472681189660822;0.13658059151175503;3.844362209338491;0.6761033960011861;0.5364831490494434;0.4485303658780782;0.3850890251589828;0.25392948953925737;0.273728032448366;0.3884931709063547;0.28535841405214013;0.1659364245387768;0.21179229760765308;0.1809901472172355;0.2343029669781581;0.008899102589331867;0.00468815421972759;0.024894983043784156;0.07949280150893302;0.06988441541491439;0.02619584966391186;0.014607685882903895;0.002590047892199548;0.004463204705909268;0.006066051609864514;0.06704443577917771;0.016997432636479293;0.018052576850473758;" Masculino
"
