Start time;zcr_mean;energy_mean;energy_entropy_mean;spectral_centroid_mean;spectral_spread_mean;spectral_entropy_mean;spectral_flux_mean;spectral_rolloff_mean;mfcc_1_mean;mfcc_2_mean;mfcc_3_mean;mfcc_4_mean;mfcc_5_mean;mfcc_6_mean;mfcc_7_mean;mfcc_8_mean;mfcc_9_mean;mfcc_10_mean;mfcc_11_mean;mfcc_12_mean;mfcc_13_mean;chroma_1_mean;chroma_2_mean;chroma_3_mean;chroma_4_mean;chroma_5_mean;chroma_6_mean;chroma_7_mean;chroma_8_mean;chroma_9_mean;chroma_10_mean;chroma_11_mean;chroma_12_mean;chroma_std_mean;zcr_std;energy_std;energy_entropy_std;spectral_centroid_std;spectral_spread_std;spectral_entropy_std;spectral_flux_std;spectral_rolloff_std;mfcc_1_std;mfcc_2_std;mfcc_3_std;mfcc_4_std;mfcc_5_std;mfcc_6_std;mfcc_7_std;mfcc_8_std;mfcc_9_std;mfcc_10_std;mfcc_11_std;mfcc_12_std;mfcc_13_std;chroma_1_std;chroma_2_std;chroma_3_std;chroma_4_std;chroma_5_std;chroma_6_std;chroma_7_std;chroma_8_std;chroma_9_std;chroma_10_std;chroma_11_std;chroma_12_std;chroma_std_std;Agent
0;0.10783640841374299;0.027098404132808018;2.74811590244262;0.2323085795444285;0.22593515322321292;1.10790400776105;0.005392174057876466;0.1842741935483871;-25.24313709441894;2.029512146394265;-0.23228260239740464;0.38315864489458434;-0.14286928163772328;0.3666124725817265;0.21462550786777845;0.1460317553701058;-0.010866529763862563;0.2584282963734357;-0.08313421206369583;0.06078672337176581;0.08917183023444954;0.004668385514992041;0.001863283185923859;0.03386846525959969;0.05492880501360806;0.07233050526802651;0.013279749631150061;0.016416856978471263;0.0023035203731239613;0.0059655495050793;0.006375162549410015;0.05138049248463044;0.004100487690758591;0.03296256256036814;0.06730510242882826;0.03303448155156437;0.3803460269151907;0.04928176768518451;0.04269163558035727;0.6302881361599231;0.003530690735086333;0.1801233823866689;4.102321310461422;0.5401347329893962;1.0496922480100022;0.3675598072659844;0.46004207119588325;0.21620559852961677;0.2613756839848514;0.3342056644795353;0.1444054781666172;0.24770007793406607;0.2439733105233623;0.14749627453390246;0.1308557111577626;0.004879424350339447;0.0019456077834581272;0.035061923241469964;0.06043946621726453;0.06290831780207039;0.012485949445243989;0.012758188252685114;0.003345225326169567;0.007171369032813491;0.0055643442010578125;0.0545055541430315;0.005813249944387557;0.019373043840192953;" Masculino
"
