Start time;zcr_mean;energy_mean;energy_entropy_mean;spectral_centroid_mean;spectral_spread_mean;spectral_entropy_mean;spectral_flux_mean;spectral_rolloff_mean;mfcc_1_mean;mfcc_2_mean;mfcc_3_mean;mfcc_4_mean;mfcc_5_mean;mfcc_6_mean;mfcc_7_mean;mfcc_8_mean;mfcc_9_mean;mfcc_10_mean;mfcc_11_mean;mfcc_12_mean;mfcc_13_mean;chroma_1_mean;chroma_2_mean;chroma_3_mean;chroma_4_mean;chroma_5_mean;chroma_6_mean;chroma_7_mean;chroma_8_mean;chroma_9_mean;chroma_10_mean;chroma_11_mean;chroma_12_mean;chroma_std_mean;zcr_std;energy_std;energy_entropy_std;spectral_centroid_std;spectral_spread_std;spectral_entropy_std;spectral_flux_std;spectral_rolloff_std;mfcc_1_std;mfcc_2_std;mfcc_3_std;mfcc_4_std;mfcc_5_std;mfcc_6_std;mfcc_7_std;mfcc_8_std;mfcc_9_std;mfcc_10_std;mfcc_11_std;mfcc_12_std;mfcc_13_std;chroma_1_std;chroma_2_std;chroma_3_std;chroma_4_std;chroma_5_std;chroma_6_std;chroma_7_std;chroma_8_std;chroma_9_std;chroma_10_std;chroma_11_std;chroma_12_std;chroma_std_std;Agent
0;0.13778092180442947;0.024538838594913178;3.0401215870688914;0.22212934020016228;0.2032593793315192;1.3286902275143677;0.0058595136943173;0.24152173913043476;-25.64200963228566;2.328747629346369;-0.3699144948324618;0.0057854937001579195;-0.04654389604281521;0.047104696996468014;0.10387521796843553;0.40159878911378877;0.01738326210740841;0.3455396395496377;-0.2435134024058055;0.23798672447199182;-0.18347962645243723;0.0109949909193359;0.008039764891614648;0.06196379979919388;0.008750756036301188;0.030198210866213684;0.04659357964816431;0.034658714864146;0.0037892309614989085;0.009195641126996197;0.014469238586833891;0.03868928984934706;0.00961400851662991;0.032788859298945365;0.042460925492279644;0.0359333547593233;0.36075559991275824;0.05018513350842942;0.03136974045486957;0.4056566928376869;0.004412760703597112;0.11211101623922966;2.8961294305202205;0.9231897805370725;0.7470312920291446;0.45725464585003817;0.33296998307729925;0.2891476331249783;0.19635338299829022;0.30817240581626565;0.18363332899876242;0.24248078261608436;0.17921794451599726;0.23402281447644785;0.16740961652381325;0.008594642050448307;0.01763592921379956;0.06901418872176045;0.007225915546419877;0.03525729586125201;0.07093068899117477;0.02149922237191161;0.004754827046492304;0.009893703247453822;0.02557116025493664;0.042408279725811744;0.011926846463766395;0.0198082507038446;" Masculino
"
