Start time;zcr_mean;energy_mean;energy_entropy_mean;spectral_centroid_mean;spectral_spread_mean;spectral_entropy_mean;spectral_flux_mean;spectral_rolloff_mean;mfcc_1_mean;mfcc_2_mean;mfcc_3_mean;mfcc_4_mean;mfcc_5_mean;mfcc_6_mean;mfcc_7_mean;mfcc_8_mean;mfcc_9_mean;mfcc_10_mean;mfcc_11_mean;mfcc_12_mean;mfcc_13_mean;chroma_1_mean;chroma_2_mean;chroma_3_mean;chroma_4_mean;chroma_5_mean;chroma_6_mean;chroma_7_mean;chroma_8_mean;chroma_9_mean;chroma_10_mean;chroma_11_mean;chroma_12_mean;chroma_std_mean;zcr_std;energy_std;energy_entropy_std;spectral_centroid_std;spectral_spread_std;spectral_entropy_std;spectral_flux_std;spectral_rolloff_std;mfcc_1_std;mfcc_2_std;mfcc_3_std;mfcc_4_std;mfcc_5_std;mfcc_6_std;mfcc_7_std;mfcc_8_std;mfcc_9_std;mfcc_10_std;mfcc_11_std;mfcc_12_std;mfcc_13_std;chroma_1_std;chroma_2_std;chroma_3_std;chroma_4_std;chroma_5_std;chroma_6_std;chroma_7_std;chroma_8_std;chroma_9_std;chroma_10_std;chroma_11_std;chroma_12_std;chroma_std_std;Agent
0;0.1134842466126136;0.034647598465660456;2.8807767921533425;0.1935856586506326;0.18738233588117206;1.046863686153525;0.008384052924931365;0.16625;-24.328566661919375;2.765485222627461;-0.3799748486211411;-0.22058029322825143;-0.3468480873454755;-0.030470500511254887;-0.09518618737815812;0.4208325821791315;0.022821452245399554;0.1252287278668301;-0.3643282008023227;0.19852932486064515;-0.13272129742608;0.009638733973067444;0.010250822301705754;0.068453519970059;0.019143484797604183;0.03024325055430076;0.020938202729497087;0.028084476224622644;0.003195629513469056;0.010347603072945324;0.010140130316386402;0.033794765096300285;0.009944542585373356;0.03220277810519486;0.025273700163058088;0.032455472854782806;0.3699522323307603;0.03531681603782101;0.032908099296144556;0.29758996422723993;0.0052836901005013145;0.0694617309402623;2.0934750494327075;0.8253799435131415;0.5886909428232567;0.6164610455071039;0.388614484584168;0.2839365541748001;0.32353282283043233;0.3673821200114948;0.2615160654146999;0.2605225253364299;0.3953600658269127;0.22298874334619978;0.21823732289800146;0.009016885629540335;0.016651987030899592;0.0899326904761016;0.024280332102255456;0.03791528659529781;0.03509175561824488;0.03531556167176476;0.004729043458109181;0.01400672378982142;0.01627190541280369;0.03885613140406855;0.010787082178615827;0.02065055570143899;" Masculino
"
