Start time;zcr_mean;energy_mean;energy_entropy_mean;spectral_centroid_mean;spectral_spread_mean;spectral_entropy_mean;spectral_flux_mean;spectral_rolloff_mean;mfcc_1_mean;mfcc_2_mean;mfcc_3_mean;mfcc_4_mean;mfcc_5_mean;mfcc_6_mean;mfcc_7_mean;mfcc_8_mean;mfcc_9_mean;mfcc_10_mean;mfcc_11_mean;mfcc_12_mean;mfcc_13_mean;chroma_1_mean;chroma_2_mean;chroma_3_mean;chroma_4_mean;chroma_5_mean;chroma_6_mean;chroma_7_mean;chroma_8_mean;chroma_9_mean;chroma_10_mean;chroma_11_mean;chroma_12_mean;chroma_std_mean;zcr_std;energy_std;energy_entropy_std;spectral_centroid_std;spectral_spread_std;spectral_entropy_std;spectral_flux_std;spectral_rolloff_std;mfcc_1_std;mfcc_2_std;mfcc_3_std;mfcc_4_std;mfcc_5_std;mfcc_6_std;mfcc_7_std;mfcc_8_std;mfcc_9_std;mfcc_10_std;mfcc_11_std;mfcc_12_std;mfcc_13_std;chroma_1_std;chroma_2_std;chroma_3_std;chroma_4_std;chroma_5_std;chroma_6_std;chroma_7_std;chroma_8_std;chroma_9_std;chroma_10_std;chroma_11_std;chroma_12_std;chroma_std_std;Agent
0;0.1252330719521851;0.02874645903213087;2.9159364177941547;0.2080790310001021;0.2039634031382318;1.1326770198875151;0.008039999988809467;0.18178571428571427;-25.05820245856658;2.533195879348796;0.15602698873172996;0.007575901740868783;-0.542232257298618;-0.11113248766709578;-0.09622319927156732;0.3671502419642346;0.09574201780145974;0.367335726645811;-0.14011291678795396;0.08535214404571594;-0.12787379105430796;0.016099764309882643;0.015686835411187105;0.040146020567904415;0.013460011245640875;0.02509233139156573;0.024653204803815162;0.02506780983033113;0.008404812934377325;0.018531712176837172;0.013151280187841308;0.037016513120351625;0.013476053038374713;0.02892495223997972;0.04545359956777821;0.0489332881992207;0.4008184384613875;0.04191451575370717;0.030157623839471185;0.44191965408984074;0.00540094813556387;0.11387537943215086;1.9152787695708209;0.7019639028771145;0.7014610228010312;0.5458567356774119;0.45426244212947964;0.3488468913068131;0.3148757063470969;0.29031891104499796;0.264078441382676;0.25600852171090466;0.19941598150896575;0.20860106074950005;0.22857822684588736;0.018700444165785066;0.02301754677112008;0.04753873778372898;0.02628027480435271;0.04120153973806238;0.039335103104667056;0.030023187457644356;0.018096470544328003;0.026002950884990928;0.01643159722002623;0.037716795600269824;0.023242665473512794;0.011732494600665035;" Masculino
"
